﻿<?xml version="1.0" standalone="yes"?>
<NewDataSet>
  <中文>
    <ReadParameter1>读取参数</ReadParameter1>
    <SendParameter>下发参数</SendParameter>
    <SaveParamete>保存参数</SaveParamete>
    <ReadFile>读取文件</ReadFile>
    <SaveAs>另存参数</SaveAs>
    <FactoryReset>恢复出厂</FactoryReset>
    <ErrorCode>错误代码:</ErrorCode>
    <SpeedOfMotor>电机转速:</SpeedOfMotor>
    <BusVoltage>驱动器母线电压:</BusVoltage>
    <Temperature>驱动器温度:</Temperature>
    <RealtimePositionalError>实时位置误差:</RealtimePositionalError>
    <ThenumberofInputPulse>输入脉冲个数:</ThenumberofInputPulse>
    <ProductionDate>生产日期:</ProductionDate>
    <ReadParameter>读取参数</ReadParameter>
    <RegularRead>定时读取</RegularRead>
    <stopRead>停止读取</stopRead>
    <TimeInterval>读取间隔:</TimeInterval>
    <p111>P111 定位精度:</p111>
    <p112>P112 共振系数:</p112>
    <SystemInfor>系统提示信息</SystemInfor>
    <SystemError>错误</SystemError>
    <Success>成功</Success>
    <pathError>读取文件异常,请检查文件路径是否正确!</pathError>
    <FailDo>失败</FailDo>
    <InsertDataWrong>输入数据有误</InsertDataWrong>
    <ER01>电机电流过大</ER01>
    <ER02>电机速度超过最大的限定值(最大3000转/分钟)</ER02>
    <ER03>位置偏差计数器的数值超过设定值</ER03>
    <ER04>驱动器温度超过设定值(最高80℃)</ER04>
    <ER05>主电路输入电压超过设定值</ER05>
    <ER06>EPROM读写时错误</ER06>
    <ER07>编码器连接故障</ER07>
    <ER08>电机接线错误或电机有断线</ER08>
  </中文>
  <English>
    <ReadParameter1>Read Parameter</ReadParameter1>
    <SendParameter>Send Parameter</SendParameter>
    <SaveParamete>Save Paramete</SaveParamete>
    <ReadFile>Read File</ReadFile>
    <SaveAs>Save As</SaveAs>
    <FactoryReset>Factory Reset</FactoryReset>
    <ErrorCode>Error Code:</ErrorCode>
    <SpeedOfMotor>Speed Of Motor:</SpeedOfMotor>
    <BusVoltage>Bus Voltage:</BusVoltage>
    <Temperature>Temperature:</Temperature>
    <RealtimePositionalError>Real–time Positional Error:</RealtimePositionalError>
    <ThenumberofInputPulse>The number of Input Pulse:</ThenumberofInputPulse>
    <ProductionDate>Production Date:</ProductionDate>
    <ReadParameter>Read Parameter</ReadParameter>
    <RegularRead>Regular Read</RegularRead>
    <stopRead>Stop Read</stopRead>
    <TimeInterval>Time Interval:</TimeInterval>
    <p111>P111 Position Accuracy:</p111>
    <p112>P112 The Coefficient of resonance:</p112>
    <SystemInfor>System Information</SystemInfor>
    <SystemError>System Error</SystemError>
    <Success>Success</Success>
    <pathError>Fail,Check your file path!</pathError>
    <FailDo>Fail</FailDo>
    <InsertDataWrong>Incorrect input data</InsertDataWrong>
    <ER01>Over current</ER01>
    <ER02>Over-speed</ER02>
    <ER03>Position deviation</ER03>
    <ER04>Over heat</ER04>
    <ER05>Over DC voltage</ER05>
    <ER06>EPROM happen fault</ER06>
    <ER07>Encoder fault</ER07>
    <ER08>Motor Fault</ER08>
  </English>
</NewDataSet>